Date,Open,High,Low,Volume
30/05/2017,179.46,201.56,179.46,563.5740437
31/05/2017,201.49,210.31,192.1,1823.492476
01/06/2017,205,211.2,180,4272.72651
02/06/2017,192.34,204.54,192.34,1890.842875
03/06/2017,197,201.22,196.52,604.7553556
04/06/2017,199,222.49,198.88,1985.755711
05/06/2017,219.08,220.5,215.93,989.0358131
06/06/2017,220.5,239.72,220.48,2787.508701
07/06/2017,234,237.14,218,3191.446098
08/06/2017,228.35,233,223,1110.645923
09/06/2017,230.45,248.3,230,2319.661408
10/06/2017,248.24,305.44,247.13,5484.275695
11/06/2017,302.4,317,284.07,8554.631337
12/06/2017,310.1,376.39,180.88,12868.96404
13/06/2017,342,356.43,317.68,4150.800214
14/06/2017,343.34,353.58,287.09,10276.81213
15/06/2017,303,344.49,226.28,22625.67491
16/06/2017,303.88,329.99,285,5764.312766
17/06/2017,312.45,328,309,3397.12355
18/06/2017,326.67,342.5,299.04,6955.302412
19/06/2017,311,324.84,309.14,2033.671141
20/06/2017,319.33,328.03,284.25,6809.697387
21/06/2017,316.09,317.18,202.32,12480.32579
22/06/2017,273.43,300,267.05,4176.699294
23/06/2017,284.02,297,284.02,1521.651704
24/06/2017,293.06,295.32,264.14,3471.529456
25/06/2017,271.2,277.5,222.61,7026.579394
26/06/2017,244.04,263,184.06,16256.91304
27/06/2017,221.3,251.37,190.05,17230.68397
28/06/2017,248.45,283.89,230.83,13436.88717
29/06/2017,277.03,284.99,250.01,7132.210609
30/06/2017,263.9,272,238.09,6187.233545
01/07/2017,241.05,249,220.21,5211.49886
02/07/2017,229,255,222.72,6075.592056
03/07/2017,251.53,254,240.12,2382.491072
04/07/2017,242.54,249.36,230.77,8050.141591
05/07/2017,237.12,241.79,221.81,3792.262403
06/07/2017,235.5,244.8,230.2,1313.555198
07/07/2017,235.04,235.04,205.46,4096.02825
08/07/2017,209.58,219.1,202,1978.287372
09/07/2017,212.5,220,210.5,636.7465325
10/07/2017,210.87,212.02,181.91,10277.49517
11/07/2017,181.2,218,150,23980.64864
12/07/2017,169.71,199.39,159.54,9214.446989
13/07/2017,193.89,197.47,170.04,8103.687561
14/07/2017,179,181.99,160,4289.429054
15/07/2017,169.7,174,151.15,6861.659555
16/07/2017,152.15,152.26,115,28063.11638
17/07/2017,135.38,163.99,132.83,14301.46571
18/07/2017,163.99,220,154.3,31019.22986
19/07/2017,194.6,215,165,23639.58572
20/07/2017,169,208,163.34,15564.07405
21/07/2017,192,203.96,178.45,7550.62816
22/07/2017,187.98,202.9,185.67,3426.106435
23/07/2017,200.5,201.08,191.1,4282.977333
24/07/2017,195.93,198.88,195,2046.732037
25/07/2017,195.9,196.11,165,13640.91826
26/07/2017,172.62,180.25,166.67,5710.319481
27/07/2017,172.84,176.26,170.7,3252.078198
28/07/2017,175.48,175.88,162.5,3164.479812
29/07/2017,164,166.38,152,3084.334348
30/07/2017,170.47,178.4,167.81,795.3556276
31/07/2017,170.25,176,163.3,3519.53363
01/08/2017,170.1,196.13,170.1,11934.98966
02/08/2017,190.92,195.12,182.2,4102.039981
03/08/2017,184.71,192.9,183.41,4641.236373
04/08/2017,189.59,191.22,186,1907.182883
05/08/2017,187.62,218.99,186.92,11774.89363
06/08/2017,209.52,233.9,209.51,7531.252162
07/08/2017,231.6,235.54,220,5630.699665
08/08/2017,229.42,254.89,227.64,9359.569677
09/08/2017,251.5,269.86,238.1,15928.63274
10/08/2017,252,265,246.51,5490.914048
11/08/2017,258.94,260.8,252.01,2741.260655
12/08/2017,260,272,259,4485.670092
13/08/2017,262.83,264,244,5703.036469
14/08/2017,251.59,260,251.01,3286.2919
15/08/2017,253.8,255.9,230.52,10165.16281
16/08/2017,244.47,259.98,240.74,4534.841382
17/08/2017,256,264.66,255.7,3759.280443
18/08/2017,259.57,261.51,244.7,3229.998915
19/08/2017,252.43,258.88,244.96,1984.899406
20/08/2017,252.11,254,248.75,1313.306921
21/08/2017,253.19,293,253.01,14662.25626
22/08/2017,272.04,280.01,250,5632.362917
23/08/2017,269.75,277.81,266.3,2743.294953
24/08/2017,270.01,280,269.51,2091.939562
25/08/2017,276.98,287,275.55,3144.141749
26/08/2017,280.33,281.19,275.2,1285.301019
27/08/2017,280.79,287.8,280.25,1382.779762
28/08/2017,287.66,293.87,284.55,2729.829017
29/08/2017,291.99,314.75,290.24,7669.576612
30/08/2017,314.1,328,304.85,8285.844045
31/08/2017,325.51,330,316.88,5338.208499
01/09/2017,329.06,334.96,327,5291.109277
02/09/2017,330.43,330.65,282.15,12610.30728
03/09/2017,289.9,314.5,289.9,6260.284203
04/09/2017,298.64,299.9,240,23406.2894
05/09/2017,269.67,281,239.63,11923.47148
06/09/2017,272.65,292.42,267.92,9997.718335
07/09/2017,284.79,286.76,271.2,5231.739234
08/09/2017,280.49,280.49,246.01,13050.08409
09/09/2017,259.47,262.2,246.15,2775.385629
10/09/2017,254.2,258.1,236.5,5719.815863
11/09/2017,255.01,258.11,241.51,2529.621539
12/09/2017,252.01,267.4,240.21,7421.408637
13/09/2017,249.29,249.48,211,15276.08496
14/09/2017,234.98,236.99,185.14,18498.32257
15/09/2017,192.76,225,167.26,34035.44866
16/09/2017,220,232.44,206.1,11159.25156
17/09/2017,215.99,226.97,200.02,6267.025594
18/09/2017,220.66,255.52,219.02,13400.64786
19/09/2017,247,249.8,231.42,6656.728079
20/09/2017,236.21,246.42,233,3770.910151
21/09/2017,242.71,243.15,209.55,9538.325733
22/09/2017,218.49,228,215,5653.530188
23/09/2017,224.19,249.43,221,6074.525973
24/09/2017,239.5,246.62,236.38,4275.946956
25/09/2017,242,253.4,240,5023.057498
26/09/2017,249.23,251.74,244.25,3592.449229
27/09/2017,246.05,269.79,244.65,6673.949228
28/09/2017,264.16,269.89,251,4655.694847
29/09/2017,257.69,261.1,231,6484.640908
30/09/2017,249.68,259.38,248.6,1699.086331
01/10/2017,256.8,258.55,251.01,1183.754765
02/10/2017,256.69,260.4,251,4322.249894
03/10/2017,256,257.21,246.59,3827.384699
04/10/2017,250.39,255,249.25,1731.545568
05/10/2017,250.02,253,247.1,2114.938334
06/10/2017,253,259.71,251.73,2887.426703
07/10/2017,259.8,265.93,259.5,1970.900507
08/10/2017,264.79,265.98,262,1674.116124
09/10/2017,262.79,263.91,244.1,6502.188824
10/10/2017,252.97,260.88,248.01,3320.280347
11/10/2017,254.82,260.88,253,2827.746058
12/10/2017,256.21,259,255.1,3335.264777
13/10/2017,257.22,293.63,250.6,15841.10637
14/10/2017,286.15,292.66,277,4666.275248
15/10/2017,290.89,290.9,271.7,8365.893918
16/10/2017,282.23,295.89,281.24,7361.89654
17/10/2017,284.99,285,268.12,6104.047141
18/10/2017,268.12,272.23,246,9098.853126
19/10/2017,267.44,269.69,259.13,3559.789449
20/10/2017,263,264.8,256.53,3766.048818
21/10/2017,258.09,259.43,250.5,3882.524351
22/10/2017,257.07,263,250.2,2137.233774
23/10/2017,251.09,251.1,236,7377.255171
24/10/2017,243.2,268.51,241,10132.12719
25/10/2017,255.64,259,250,3569.137266
26/10/2017,254.52,257.09,252.25,1891.108372
27/10/2017,254.17,257.09,252.25,1618.810964
28/10/2017,254.17,257.09,252.25,1618.810964
29/10/2017,255.11,270,255.11,3809.35683
30/10/2017,262.38,268.7,260.51,2666.746113
31/10/2017,263.97,265.99,263.69,2390.879891
01/11/2017,264.6,265.81,257.11,3969.074142
02/11/2017,264.6,265.81,257.11,3969.074142
03/11/2017,247.9,268.9,246,10309.93115
04/11/2017,263.89,267.5,256.7,2925.706429
05/11/2017,260.35,261.98,257,2668.806238
06/11/2017,258.39,266.03,253.83,6424.151373
07/11/2017,260.78,264.87,251.73,7582.559417
08/11/2017,255.08,278.35,254,14006.38492
09/11/2017,269.36,287,266.67,12322.38323
10/11/2017,277.24,283.53,250.31,15702.45343
11/11/2017,261.77,278.42,258.4,8891.774722
12/11/2017,265.18,278.42,258,13269.92261
13/11/2017,265.18,278.42,258,13269.92261
14/11/2017,273.96,291.17,273.5,11261.55563
15/11/2017,286.34,292.05,281.11,8105.546302
16/11/2017,282.97,287.4,277.7,10117.16199
17/11/2017,280.87,285.7,278.52,5351.083692
18/11/2017,284.89,295,282,5528.355259
19/11/2017,294.99,318.49,291.5,19373.08185
20/11/2017,304.15,319,300.5,7858.484974
21/11/2017,317,321.49,301.43,12391.2601
22/11/2017,309.96,325.94,307.01,7793.558218
23/11/2017,324.66,363.46,322.1,28834.25262
24/11/2017,360.7,398.85,341.2,32661.28736
25/11/2017,390.08,408.35,382.64,19337.27192
26/11/2017,392,396.03,380.11,14914.18636
27/11/2017,393.5,411.49,390.08,17223.73947
28/11/2017,401,401,390,9762.375113
29/11/2017,393.66,439.32,338.05,49205.26801
30/11/2017,382.18,401.5,351.5,32101.51013
01/12/2017,392.13,400,371.7,13426.07051
02/12/2017,393.96,404,392.1,8656.432238
03/12/2017,399.07,404.99,390.12,11275.78352
04/12/2017,399.7,403.58,395.65,5529.465637
05/12/2017,399.21,401.31,388.34,11307.91471
06/12/2017,393.09,396.53,377.94,25432.85519
07/12/2017,380.11,405.5,353.03,40559.1118
09/12/2017,390.99,443.45,380,48321.07849
10/12/2017,413.25,416.9,375,17794.58475
11/12/2017,380.1,405,375.05,18167.44059
12/12/2017,399.86,547.95,399.82,86744.04423
13/12/2017,534.08,659.99,514.1,77680.37399
14/12/2017,592.31,631,551,34272.61839
15/12/2017,588.9,596,519,22129.38003
16/12/2017,588.06,610.96,581.65,13217.83018
17/12/2017,590.79,626,590.78,13828.46956
18/12/2017,617.86,679,582.01,29679.73871
19/12/2017,669,749,661,45067.77608
21/12/2017,680.09,720.9,639.88,22762.84037
22/12/2017,671.69,679.99,381.44,89482.07376
23/12/2017,638,688.98,565,26572.25484
24/12/2017,650.08,662.99,545,23377.77698
25/12/2017,593.01,669.09,593.01,14205.34324
26/12/2017,647.1,655,627.25,7800.559887
27/12/2017,636.65,662.79,630.01,12872.98388
28/12/2017,642,649.49,620,16266.35261
29/12/2017,629.96,662.43,629.8,12408.36114
30/12/2017,657.68,657.74,585.01,16690.68585
31/12/2017,629.99,658.75,605.01,12753.04397
01/01/2018,651.03,668.15,631.56,8830.761215
02/01/2018,658.77,765,657,32928.28062
03/01/2018,726.6,818.12,725.03,23982.78856
04/01/2018,819.04,860.23,786.77,33361.2339
05/01/2018,816.51,865,789,23529.93388
06/01/2018,807,842.99,800.99,8861.638761
07/01/2018,837.36,918,830.3,18587.49059
08/01/2018,897.79,997.56,827.94,43396.51171
09/01/2018,965.01,1097.5,951.22,33278.03393
10/01/2018,1065.6,1154,1011,41999.39375
11/01/2018,1033.4,1110,945,30898.21918
12/01/2018,962.43,1067.8,921,18857.15939
13/01/2018,1047.88,1183,1047.88,19843.5484
14/01/2018,1143.59,1148.78,1065.99,14380.09123
15/01/2018,1114.99,1146.66,1066,13993.25556
16/01/2018,1079.49,1079.5,680.9,94744.82291
17/01/2018,841,935.09,602.32,111108.9866
18/01/2018,834.79,939.99,787.28,48938.9417
19/01/2018,864.99,913.97,841,19090.70563
22/01/2018,845.65,900.08,751.93,31758.48595
23/01/2018,816,839.95,752,23148.88403
24/01/2018,820.85,859.5,785.89,13457.58141
25/01/2018,838.97,879.8,827.27,15152.94501
26/01/2018,854.76,863.52,803.28,17396.48937
27/01/2018,838.01,895.5,838,11774.75743
29/01/2018,985.02,988,930.5,14672.01015
30/01/2018,931.99,948.87,824,32242.8956
31/01/2018,869.99,899,826.37,15239.14877
01/02/2018,882.86,915,736,49042.77016
02/02/2018,795.99,819,560.27,94473.34413
04/02/2018,774.99,784,629.14,31630.81812
05/02/2018,678.9,683.85,485,85022.52207
06/02/2018,545,657.17,450.09,116327.803
07/02/2018,627.69,713.99,586,54816.49876
08/02/2018,647.85,695.14,612.5,32981.0866
09/02/2018,663,725,640,23925.61979
11/02/2018,697.49,708.5,635.66,17338.12799
12/02/2018,682.02,709,660,11801.9474
13/02/2018,704.11,707.79,675.9,8755.256314
14/02/2018,681.92,743.76,680.65,20888.11076
15/02/2018,743.63,769.71,721.47,18999.05657
16/02/2018,749.53,759.44,732.96,6812.128092
18/02/2018,788.9,795,733.29,10971.32293
19/02/2018,743.1,769.98,740.2,5008.584688
20/02/2018,758.47,775.55,721,10719.71959
21/02/2018,728.5,738.5,663,16094.11672
22/02/2018,685,710.05,641,12357.94249
23/02/2018,656.51,719.98,641.28,11270.26527
24/02/2018,694.5,711.12,661,5554.886038
26/02/2018,689.44,714.54,680,7176.487933
27/02/2018,707.64,727.52,702,5288.691613
28/02/2018,719.23,725,702.27,4500.287871
01/03/2018,707.01,716.6,696.56,3617.145397
02/03/2018,708.36,719.57,688.05,4228.973999
03/03/2018,697.41,704.35,686.11,2961.375592
04/03/2018,691.08,699,681.39,2068.369295
05/03/2018,696.74,700,691.39,3127.675808
06/03/2018,693.12,693.32,651.5,6176.619096
07/03/2018,661.99,664.34,585.2,12760.72158
08/03/2018,611.18,632.78,561,9146.257164
09/03/2018,562.5,579.28,520,14204.79917
12/03/2018,587.62,603.09,551.71,6245.860197
13/03/2018,562,578,551.3,4342.491203
14/03/2018,557.37,565.18,475,16330.73457
15/03/2018,486.6,505.66,463.57,10140.02686
16/03/2018,497,510,475.83,6143.821645
17/03/2018,497.69,497.69,438.77,9522.216862
18/03/2018,456.95,459.39,369.8,41744.79161
19/03/2018,433.1,459,421.02,16451.34233
20/03/2018,438.71,464.87,419,12121.709
21/03/2018,459.9,486,445.01,11009.04306
22/03/2018,450,466.47,422.12,7437.351983
23/03/2018,436,440.78,412.42,7187.661542
24/03/2018,429.01,440.37,426.38,3410.538772
26/03/2018,426.8,427.01,376.6,14922.90429
27/03/2018,396,398.68,363,10528.04997
28/03/2018,371.32,375.2,356.71,7392.000332
29/03/2018,363.2,364,308.77,25023.49285
30/03/2018,316.61,334.36,296.04,17990.39526
31/03/2018,314.28,354,313.69,10088.46435
01/04/2018,321.38,323.61,291.06,13349.66119
02/04/2018,305.74,319.97,304.32,5661.299145
03/04/2018,311,344.38,309.02,11906.34482
04/04/2018,337.69,340,302.23,12347.30926
05/04/2018,307.05,317.31,300.2,6292.802977
06/04/2018,311.9,314,297.15,7874.369265
07/04/2018,300,320,299.33,3596.511437
08/04/2018,314.02,328.99,311.84,3954.562737
09/04/2018,326.89,352.61,315,15266.6312
10/04/2018,319.24,338.6,319,5890.145524
11/04/2018,332.51,343.84,331.41,6294.150623
12/04/2018,343.13,398.72,335,27735.46275
13/04/2018,398.7,429.69,391.82,24597.16053
14/04/2018,401.58,417.8,395,7557.264801
15/04/2018,412.8,429.98,406.33,7486.455502
16/04/2018,428.9,436.97,403,9959.404921
17/04/2018,409.55,420.99,406,5554.83704
18/04/2018,407.71,424.87,405,5692.852991
19/04/2018,422.25,458,419.06,10373.6738
20/04/2018,456.2,506.88,451.8,12181.68278
21/04/2018,501.31,510,466,12699.96508
22/04/2018,490.03,523.45,483,8828.995373
23/04/2018,508.36,529.59,501.79,10013.06776
24/04/2018,524.91,584,523.86,18561.39934
25/04/2018,577.39,579.15,489.12,37452.39908
26/04/2018,512.85,548,493,15717.31078
27/04/2018,545.65,570,527.43,13323.02517
28/04/2018,539.16,569.61,528,6305.910518
29/04/2018,563.51,574.9,550.1,6047.662892
30/04/2018,567.91,572.49,546.95,8173.741346
01/05/2018,548.9,560,519.96,10705.74691
02/05/2018,557.41,574.5,552.14,8710.566801
03/05/2018,574.5,648,572.34,20447.38521
04/05/2018,648,674,632.63,18032.22029
05/05/2018,659.83,687.89,650.74,10078.02759
06/05/2018,674.94,692.49,624,14019.73078
07/05/2018,655.7,661.53,585,24914.14521
08/05/2018,622.61,651.5,605.51,11537.58399
09/05/2018,635.01,639.06,601,8968.47874
10/05/2018,632.89,646.9,612.19,9118.274793
11/05/2018,615.98,618.03,550.51,22861.24497
13/05/2018,571.32,619.9,563,8235.000891
14/05/2018,617,625,573.3,16964.92343
15/05/2018,604,619.39,588,8571.403083
16/05/2018,593.21,607.49,575.1,6853.36616
17/05/2018,594.38,606.58,562.5,7472.28521
18/05/2018,569.4,589,558,7733.003686
19/05/2018,586.88,609,580,5261.692318
20/05/2018,588,613.1,585.31,4028.594115
21/05/2018,606.17,613.11,586.16,5021.043947
22/05/2018,592.02,593.63,542.87,8296.992973
23/05/2018,543.49,551.7,480.34,19936.20686
24/05/2018,498.39,521.58,465,14093.42988
25/05/2018,508,528.45,490.25,7397.429704
26/05/2018,490.98,519,490.98,3593.208887
27/05/2018,501.25,509.02,477.74,5214.367945
28/05/2018,486.86,499.01,435.45,11246.43101
29/05/2018,443.96,496.72,439.45,11145.8118
30/05/2018,485.73,507,464.5,7903.636834
31/05/2018,472.49,502,472.48,6764.458446
01/06/2018,489.97,504.63,482,4676.608657
03/06/2018,509.1,539.94,506.55,5474.011596
05/06/2018,506.92,524.49,493.33,5728.520253
06/06/2018,518.8,520.99,505.7,4993.749993
07/06/2018,514.37,522,510,4351.852551
10/06/2018,508.53,509.38,431,13755.63445
12/06/2018,446.22,458.51,413.27,10373.37724
13/06/2018,418.28,427.52,383,15451.37555
14/06/2018,403.8,454.98,396.46,14252.1512
15/06/2018,446.95,450.05,418.26,7315.249559
16/06/2018,422.24,434.41,417.22,3263.572846
18/06/2018,429.39,452.02,421.03,5816.353978
19/06/2018,445.5,474.6,443.37,6908.623669
20/06/2018,462.56,468.9,447.49,5426.639922
21/06/2018,461.84,470.58,450.59,5100.11777
22/06/2018,453.29,454.29,386.01,14397.1387
24/06/2018,411.2,411.2,362.89,10478.74844
25/06/2018,390.1,406.94,382.36,6122.378844
26/06/2018,394.9,395.37,371.57,6670.948638
27/06/2018,375.99,380.42,362.28,5376.969878
28/06/2018,379.36,387,367.17,4184.014945
29/06/2018,369.5,373.99,348,11028.20405
30/06/2018,372.5,393.65,371.2,5603.48615
01/07/2018,381.79,389.92,380.69,2270.489639
02/07/2018,387.99,414.87,381.89,7899.45865
03/07/2018,411.44,418.9,395.03,7122.740403
04/07/2018,396.38,414.85,386.7,5988.008032
05/07/2018,399.44,410,393.4,4539.600187
06/07/2018,399.82,404,387.12,4913.16944
07/07/2018,398.79,402,395.1,1991.380704
09/07/2018,416.84,416.85,404.06,4862.767735
10/07/2018,408.21,408.21,365.12,11740.33455
11/07/2018,374.31,382.81,363.6,6278.997766
13/07/2018,365.69,380,360,6572.113949
14/07/2018,370.36,377.5,368.8,2981.731946
15/07/2018,372.6,388.89,370.58,3741.585517
16/07/2018,384.7,409.66,381.35,9816.504108
17/07/2018,405.56,438.37,397.13,16629.5448
18/07/2018,428.39,439.99,402.01,14130.73538
19/07/2018,412.2,417.74,395.9,8630.34984
20/07/2018,402.9,404.05,377,9609.259045
21/07/2018,384.47,408.3,376.76,6288.17865
23/07/2018,391.71,401.9,383.1,7621.433206
24/07/2018,386.01,414.14,383.35,11494.34742
25/07/2018,408.57,415.97,397.15,8570.294456
27/07/2018,397.95,407.05,392.4,6526.236166
28/07/2018,404.65,405.98,397.8,2343.572334
29/07/2018,401.13,403.78,397.44,2590.476964
30/07/2018,399.5,402.92,380.27,6994.534557
31/07/2018,389.79,391,366.23,11100.614
01/08/2018,369.51,372,351,11995.67935
02/08/2018,360.49,363.98,351.33,7231.373709
03/08/2018,355.88,362.97,343.45,7467.15842
04/08/2018,361.56,363.38,346.06,6972.487509
05/08/2018,351.77,357.71,347.48,3535.042453
06/08/2018,355,357.1,347.2,5872.728974
08/08/2018,328.64,328.64,302.39,17940.52473
13/08/2018,281.28,283.41,247,21352.50903
14/08/2018,248.7,251.38,219.13,45453.39715
16/08/2018,254.4,264.22,244.14,14243.04697
17/08/2018,252.11,279.87,250.99,17724.02025
18/08/2018,276.71,280.98,247.99,11025.23093
19/08/2018,259.7,269.31,255.1,5203.643094
20/08/2018,264.23,265.94,234.91,12052.51983
22/08/2018,243.25,258.88,225.2,14455.74615
23/08/2018,232.8,243.68,232.01,9874.384448
26/08/2018,240.08,240.9,233,4003.741185
27/08/2018,235.17,240.9,234.12,7644.210765
28/08/2018,239,254.49,238.99,15264.86843
29/08/2018,253.58,255,243.5,12116.17639
02/09/2018,253.86,257.66,250.01,5790.692907
03/09/2018,252.85,255.87,246.3,10350.24024
04/09/2018,249.45,253,244.57,10976.70134
05/09/2018,247.11,248.29,204.51,32336.90964
06/09/2018,207.56,209.16,182.21,32557.74863
08/09/2018,188.68,191.28,166,18950.9526
09/09/2018,170.01,181,161.73,19976.15968
11/09/2018,168.37,172.63,151.5,25414.45726
15/09/2018,185.61,198.47,179.98,14915.66904
18/09/2018,167.79,184.19,166.68,21532.47674
20/09/2018,178.9,187.37,176.21,15469.75817
28/09/2018,196.29,200.78,185.62,19291.07507
01/10/2018,201.86,202.61,193.4,12918.61689
02/10/2018,199.69,199.95,192.79,9269.921707
05/10/2018,192.95,199.8,190.5,8190.609763
08/10/2018,194.01,200.84,193.98,11356.71649
09/10/2018,199.17,200,197.11,8100.669496
11/10/2018,194.14,194.65,166.84,38947.43167
12/10/2018,169.79,171.65,160.55,14946.38105
13/10/2018,168.72,173.99,168.14,6171.542254
15/10/2018,169.28,191.67,164.62,25529.33118
21/10/2018,176.85,178.96,175.61,4337.183078
22/10/2018,175.98,176.8,174.78,6419.073921
23/10/2018,176.01,176.6,173.28,8140.75425
26/10/2018,176.45,179.69,175.41,7783.363008
27/10/2018,176.35,177.5,176.05,2794.105113
30/10/2018,171.51,173.4,170.91,6866.066845
31/10/2018,172.64,176.42,169.83,7456.497438
01/11/2018,174.5,174.5,172.91,6208.087525
02/11/2018,174.04,177.18,173.54,7107.328459
03/11/2018,176.13,176.33,174.7,4789.154175
05/11/2018,183.89,185.93,180.68,9801.328518
07/11/2018,190.92,195,188.32,13173.22703
08/11/2018,190.1,191.32,185,10032.60541
13/11/2018,186.28,186.82,180.55,9586.486351
21/11/2018,110.93,121,107.55,37629.31866
24/11/2018,108.61,111.66,95.02,29751.95597
26/11/2018,100.54,103.2,90.67,41325.52758
27/11/2018,92.04,98.68,88.15,30292.10105
05/12/2018,96,96.58,89.65,22858.11941
06/12/2018,90.23,91,81.23,41742.24014
07/12/2018,81.74,85.31,72.35,88644.43509
11/12/2018,79.21,80.23,75.51,20989.74583
12/12/2018,77.53,80.46,76.51,17863.1821
15/12/2018,74.07,74.74,72.23,13798.50805
16/12/2018,74.1,77.44,73.65,12198.11959
17/12/2018,74.64,85.5,74.11,36982.74776
19/12/2018,84.5,95.75,83.73,61663.08462
29/12/2018,117.32,127.85,115.59,29888.88026
11/01/2019,111.07,112.47,106.22,24766.9707
13/01/2019,109.11,109.5,99.89,18599.33751
14/01/2019,101.51,115.4,100.53,28716.44101
15/01/2019,112.36,114.4,102.89,28269.66214
17/01/2019,107.35,108.77,103.12,13603.97101
18/01/2019,107.41,108.33,104.42,8643.45163
22/01/2019,102.04,105.34,97.26,18309.13364
29/01/2019,91.99,93.45,89.41,17436.64125
30/01/2019,91.49,95.8,90.55,17988.65329
01/02/2019,92.85,93.48,90.27,10272.42898
02/02/2019,92.95,93.7,92,5527.015523
04/02/2019,92.72,94.32,92.21,8302.2817
05/02/2019,92.98,93.49,92.01,7968.055234
08/02/2019,91.15,108,90.6,32340.65415
13/02/2019,106.43,110.3,106.35,11329.10282
14/02/2019,107.1,109.25,105.73,9849.63301
15/02/2019,106.53,109.57,105.83,8679.934397
18/02/2019,117.36,130.8,116.28,50922.68158
19/02/2019,125.99,131.78,125.61,23224.89465
21/02/2019,128.52,130.64,125,16173.38746
25/02/2019,121.82,124.18,116,24745.71814
26/02/2019,121.91,122.05,117.51,13386.03857
28/02/2019,115.5,122.46,115.5,22782.47728
01/03/2019,118.49,121,117.98,11220.31016
03/03/2019,116.15,117.97,115.21,5543.616806
04/03/2019,115.21,115.22,108.57,20193.4142
08/03/2019,122.5,123.07,115.55,14965.99777
10/03/2019,121.21,121.5,118.58,6129.223423
14/03/2019,115.87,119.58,114.14,10242.13756
15/03/2019,116.22,120.83,116.04,10843.43187
16/03/2019,119.6,126.05,119.6,16533.80395
29/03/2019,122.4,126.41,122,16090.78204
01/04/2019,125.93,127.5,123.93,12279.82347
02/04/2019,126.6,145.13,125.85,52578.84052
05/04/2019,140.21,150.13,139.52,19418.04787
11/04/2019,156.85,157.96,140.65,24983.41577
12/04/2019,147.01,148.29,141.67,11391.99563
13/04/2019,146.18,147.21,144.07,4810.125747
14/04/2019,145.01,149.83,143.73,5947.700873
15/04/2019,149.26,150.02,138.4,19687.97877
16/04/2019,142.38,148.49,141.4,10775.6515
17/04/2019,146.95,149.04,145.95,7654.534214
18/04/2019,147,157.01,146.81,13437.14176
19/04/2019,154.5,155.19,151.07,9334.248457
20/04/2019,153.86,158.04,152.2,7204.795498
21/04/2019,153.88,156.01,148.8,8368.426006
22/04/2019,151.55,154.23,150.1,6129.154042
23/04/2019,153.37,157.25,150.19,15088.74292
24/04/2019,152.96,153,143.94,18074.67525
25/04/2019,148.37,149.23,133,20560.91277
26/04/2019,137.7,140.15,133.72,18971.27336
27/04/2019,137.3,142.45,136.81,7391.206661
28/04/2019,140.63,140.88,136.98,7483.543782
29/04/2019,137.84,138.7,133.61,11308.93411
30/04/2019,135.95,143.88,135.86,10462.50536
01/05/2019,143.24,145.21,140.06,6377.174822
02/05/2019,140.44,143.79,139.54,7364.194922
03/05/2019,142.97,151.63,141.5,14632.13607
04/05/2019,147.41,149.86,141.23,12143.48641
05/05/2019,145.46,146.32,140.62,7611.934871
06/05/2019,144.13,157,141.18,24799.24418
07/05/2019,154.8,161.37,150.46,25725.19207
08/05/2019,154.3,155,145.55,15690.92381
09/05/2019,152.44,154.5,147.15,17813.67965
10/05/2019,151.51,157.2,149.41,21282.79581
11/05/2019,154.37,177.74,152.94,56199.53643
12/05/2019,176.96,181,160.24,58904.96542
13/05/2019,166.51,186.13,164.87,44808.46258
14/05/2019,175.12,193,170.51,57834.96626
15/05/2019,193,220.54,192.03,76220.80246
16/05/2019,220.03,249.8,216.01,112378.7076
17/05/2019,232.83,240.9,199,79232.44255
18/05/2019,213.01,223,208.31,22318.62652
19/05/2019,213,235.94,209.08,33989.85523
20/05/2019,235.1,237,213.55,37354.18067
21/05/2019,224.02,237,222.1,23740.25536
22/05/2019,230.1,234.79,215.92,26786.01024
23/05/2019,221.25,222.65,208,27677.13787
24/05/2019,220.41,228,217.01,18823.90256
25/05/2019,223.43,230,220.21,9849.30897
26/05/2019,225.51,241.4,220.2,24339.76032
27/05/2019,236.43,249.37,236.05,34617.22766
28/05/2019,240.41,247.92,237,21699.53563
29/05/2019,244.03,246.58,233.01,22340.55022
30/05/2019,243.34,260.02,214.02,53468.84735
31/05/2019,227.6,237,221,24110.34088
01/06/2019,236.16,246,234.08,10471.25527
02/06/2019,244.05,244.05,238.75,1099.497302
03/06/2019,241.55,242.63,228.5,14233.7072
04/06/2019,230.35,230.35,207.03,39500.69194
05/06/2019,212.5,221.98,211.36,15000.10359
06/06/2019,219.75,220.67,209,10552.40822
07/06/2019,216.09,225.18,216,15672.82619
08/06/2019,221.8,222.64,214,5321.451516
09/06/2019,217.01,217.43,201.07,12533.83098
10/06/2019,203.27,218.84,201.95,14050.50816
11/06/2019,215.87,219.91,210.02,10773.32627
12/06/2019,217.3,230.54,215.01,18548.08079
13/06/2019,227.8,234,226.04,12630.73031
14/06/2019,226.87,236.32,224.11,11923.81705
15/06/2019,235.83,242.75,233.37,9916.137251
16/06/2019,238.61,242.75,231.09,13768.93093
17/06/2019,239.11,245,238.44,12909.83264
18/06/2019,244.43,245.85,233.51,15224.26468
19/06/2019,234.52,241,233.96,9046.626943
20/06/2019,239.1,243.5,236.45,8877.442746
21/06/2019,241.08,260.02,240.5,27198.27443
22/06/2019,256.98,277.85,256.89,34062.67444
23/06/2019,263.62,279.8,263.51,17675.14376
24/06/2019,270.13,274.98,258.52,16312.14836
25/06/2019,271.42,278.39,269.52,16220.26953
26/06/2019,278.15,319,269.6,70436.35047
27/06/2019,286.17,299.99,238.28,54681.36304
28/06/2019,259.27,274.98,253.06,25723.87234
29/06/2019,271.82,276.52,256.52,15073.92944
30/06/2019,276.08,284.1,254.85,17954.26278
01/07/2019,258.23,265.79,246,21917.35271
02/07/2019,256.3,261.74,238.82,26882.34773
03/07/2019,258.58,274.99,256,16463.07917
04/07/2019,266.38,269,258.96,10186.97997
05/07/2019,259.5,262.25,248.87,13669.99096
06/07/2019,257.23,265.21,254.53,6965.619701
07/07/2019,256.08,276.91,253.57,11583.62183
08/07/2019,272.47,279.99,269.67,13701.61727
09/07/2019,279.93,283.75,270.42,18131.22332
10/07/2019,274.54,280.49,251.52,24796.19976
11/07/2019,257.3,258.05,232.83,23011.31984
12/07/2019,238.26,249.32,236.5,11197.50563
13/07/2019,243.87,245.85,233,6350.315741
14/07/2019,237.29,240.02,204.5,31787.37148
15/07/2019,210.52,210.59,181.33,37699.443
16/07/2019,207,208.8,170.12,46593.69437
17/07/2019,179.12,196,170.01,35098.56518
18/07/2019,188.98,202.42,184.23,31971.46521
22/07/2019,201.19,203,189.06,11395.3724
29/07/2019,187.37,193,185.5,8053.96945
30/07/2019,189.59,192.21,183.7,9621.383306
31/07/2019,188.39,196.14,187.67,9183.515902
01/08/2019,194.79,197.47,191.09,7831.221201
05/08/2019,200.07,212.11,199.61,15681.08668
06/08/2019,207.33,213.89,198.55,20752.22007
07/08/2019,200.05,206.11,196.47,14923.02891
10/08/2019,186.65,191.67,179.23,12262.1362
11/08/2019,184.33,193.15,183.87,5033.552035
12/08/2019,192.24,193.54,187.71,7578.326768
13/08/2019,188.41,188.71,181.78,8153.431851
15/08/2019,170.67,170.7,156,26236.57591
16/08/2019,169.35,170.71,161.5,14918.61759
18/08/2019,168.12,178.67,165.69,7677.791929
19/08/2019,175.79,183.08,174.14,9482.347093
20/08/2019,181.29,183.77,175.7,9216.14543
22/08/2019,166.72,176,165.21,9736.640768
05/09/2019,157.95,159.2,153.55,9196.260268
06/09/2019,158.51,161.98,150.05,11202.98892
07/09/2019,153.36,164.18,152.89,9657.299159
10/09/2019,165.23,166.96,160.29,8740.726797
13/09/2019,164.09,164.38,160.62,4775.87772
14/09/2019,163.55,170.67,162.85,6048.174543
15/09/2019,169.64,172.75,168,6015.687192
18/09/2019,191.91,199.11,186.99,21591.16614
21/09/2019,194.89,200.96,194.03,4442.792603
26/09/2019,155.62,156.88,139.41,27397.48839
04/10/2019,159.69,163.54,156.22,5526.322862
06/10/2019,160.73,161.39,152.96,12958.28481
08/10/2019,165.25,168.86,162.14,7308.244288
09/10/2019,165.03,177.86,163.56,30576.02132
11/10/2019,174.86,179.47,163.16,17260.07952
12/10/2019,164.43,167.6,161.11,6330.954901
18/10/2019,158.68,159.87,151.68,7554.262531
25/10/2019,145.47,169.97,144.78,22158.73171
26/10/2019,162.29,178.69,153,27354.90406
27/10/2019,159.43,170.1,158.46,14706.38094
30/10/2019,173.49,173.49,162.34,11333.65428
01/11/2019,163.04,165.5,158.82,8174.358463
07/11/2019,172.75,173.97,166.84,8591.139583
08/11/2019,169.42,170,164.16,6988.709526
15/11/2019,167.54,169.14,160.92,9589.86323
20/11/2019,158.7,160.38,156.51,7106.426977
24/11/2019,138.51,139.18,128.86,10168.96802
26/11/2019,133.89,136.37,130.44,15649.16752
27/11/2019,134.72,141.97,128.44,18489.77032
29/11/2019,136.97,143.25,136.03,8058.748882
02/12/2019,137.69,138.33,132.7,8301.3315
03/12/2019,134.9,135.49,131.6,6745.509552
09/12/2019,137.22,137.35,132.6,7235.555481
13/12/2019,129.43,130.53,127.96,5797.419653
15/12/2019,127.92,129.51,126.05,4984.145683
17/12/2019,118.74,119.25,107.94,28443.79961
20/12/2019,114.57,116.75,113.39,9365.005419
27/12/2019,112.66,113.79,109.8,11711.38716
30/12/2019,120.78,121.42,116.21,10898.63906
02/01/2020,116.16,116.52,112.86,9515.107207
03/01/2020,113.91,120.69,112.24,13074.55937
10/01/2020,123.99,130.69,122.17,11221.74646
11/01/2020,128.56,132.88,127.83,13118.0499
13/01/2020,130.73,132.3,127.93,8678.357225
18/01/2020,154.9,161.79,148.91,18973.0582
22/01/2020,152.63,154.47,149.72,7757.241761
24/01/2020,147.28,149.21,140.9,13107.35942
28/01/2020,154.34,158.64,153.91,13955.55807
30/01/2020,159.54,168.9,155.09,19505.55312
31/01/2020,168.9,169.54,158.5,15066.62816
03/02/2020,171.1,176,168.31,14756.6552
